Teacher Name,Teacher Rating (Avg),Teacher Rating (STD),Teacher Helpfulness (Avg),Teacher Helpfulness (STD),Number of Ratings,Number of Classes
Haruhiko Asada,5.642857142857143,0.4403152859263554,5.552380952380953,0.4696696383214457,21.0,2
Kamal Youcef-Toumi,4.376470588235295,1.1723678461907796,4.246323529411765,1.176448299421217,272.0,11
Kentaro Barhydt,6.1,0.0,6.3,0.0,8.0,1
Ravi Tejwani,6.3,0.0,6.0,0.0,11.0,1
Joseph M. Ntaimo,6.5,0.0,6.2,0.0,11.0,1
Hsinyung Harrison Chin,6.429233511586454,0.2519817015467724,6.397326203208556,0.3314366429880295,561.0,26
David L. Trumper,6.166981132075472,0.5089244482078105,6.617924528301887,0.3391991594560946,106.0,9
Adam Kyoungmin Kim,6.8,0.0,6.9,0.0,9.0,1
Charles Byron Seaberg,7.0,0.0,6.9,0.0,9.0,1
Domitilla Del Vecchio,5.519026548672566,0.30314126676147546,5.498230088495575,0.34907774849295764,226.0,11
Nicholas Nolan,7.0,0.0,6.7,0.0,1.0,1
Yuming Liu,5.5,0.0,5.8,0.0,22.0,1
Ethan M. Pickering,6.1,0.0,5.5,0.0,11.0,1
Declan Benedict Gaylo,6.0,0.0,6.3,0.0,11.0,1
Paul D. Sclavounos,6.671052631578948,0.750756774243178,6.792105263157896,0.5464630670562373,38.0,6
Alexander Joseph Wunderlich,6.3,0.0,6.5,0.0,3.0,1
Triantaphyllos R. Akylas,6.883333333333334,0.14624940645653528,6.794444444444445,0.1682333769969638,18.0,5
Betar Maurkah Gallant,6.577160493827161,0.25550112738221564,6.560185185185185,0.28391220217869,324.0,16
Aaron Max Melemed,6.9,0.0,7.0,0.0,15.0,2
Gang Chen,4.445714285714287,1.0201800561365504,4.154285714285714,1.1682325739931994,70.0,5
Kyle Joseph Buznitsky,6.254545454545454,0.0497929597731967,6.090909090909091,0.0995859195463939,11.0,2
Wai K. Cheng,4.8484375,0.7897769043177639,4.6078125,1.0894816266664393,64.0,8
Ahmed F. Ghoniem,4.940425531914894,0.7150835613924107,5.459574468085107,0.5272003835872126,94.0,5
Aniket Sanjay Patankar,6.507692307692308,0.13846153846153839,6.646153846153846,0.23076923076923078,13.0,2
Martin Culpepper,6.423622047244094,0.2648596992774104,6.086220472440945,0.46820889935919313,254.0,19
Laura M. Rosado,6.5,0.0,6.5,0.0,2.0,1
Jesse Paul De Alva,6.5,0.0,6.5,0.0,2.0,1
Charles Michael Wheeler,6.3,0.0,7.0,0.0,3.0,1
Daniel Patrick Gilbert,6.427927927927928,0.5997253382108372,6.307207207207206,0.5050576118616645,111.0,9
Alexander H. Slocum,6.576923076923077,0.4854083865933383,6.523076923076923,0.3190221746665801,13.0,4
Carlo Giovanni Traverso,6.5125,0.21469455046647062,6.5125,0.21469455046647062,16.0,3
Nevan Clancy Hanumara,6.1875,0.3903123748998999,6.1875,0.3903123748998999,16.0,2
Anthony M. Pennes,7.0,0.0,7.0,0.0,9.0,1
Steven Burcat,6.25,0.25,6.25,0.25,4.0,2
Leroy Kudakwashe Sibanda,6.583333333333333,0.2608745973749755,6.616666666666666,0.4099457958749612,18.0,2
David R. Custer,6.254838709677419,0.41878373021776893,6.319354838709677,0.3762457628857632,31.0,7
Megan McNamara Dawley,6.3,0.0,6.0,0.0,4.0,1
Anette E. Hosoi,6.558430232558139,0.2557225986456527,6.261627906976744,0.36245885240440284,344.0,12
Christina Marie Chase,6.371999999999999,0.5110929465371244,6.336,0.5519999999999998,25.0,6
Helen Sun,7.0,0.0,7.0,0.0,3.0,1
Henry H. Wang,7.0,0.0,7.0,0.0,3.0,1
Joshua D. Ramos,6.760937500000001,0.31751830040763,6.7015625,0.36805748001331273,64.0,8
Abe Gebreab Gerzeghier,6.0,0.0,4.0,0.0,1.0,1
Rohan Abeyaratne,6.469135802469136,0.20304795312837665,6.393827160493826,0.2880382114907126,243.0,16
David Moore Parks,4.555017301038062,0.9775600317206248,4.367820069204152,0.9759224660117378,289.0,17
Christos Marras Gkiokas,5.779999999999999,0.5878775382679629,6.02,0.6368673331236262,15.0,2
Crystal Elaine Owens,5.166666666666667,0.07453559924999306,5.333333333333333,0.14907119849998612,6.0,2
Michael Rainer Braun,5.909090909090908,0.6832913378212825,6.021212121212121,0.806698312336033,66.0,9
Ritu Raman,6.1,0.2812310599683279,6.040909090909091,0.38454115621926144,22.0,5
Kenneth N. Kamrin,6.3185667752442995,0.21312143761182573,6.252768729641693,0.2668744570579628,307.0,13
Andrew Yen-Jong Chen,6.8,0.0,6.8,0.0,13.0,1
Thomas Butruille,6.3,0.0,6.3,0.0,3.0,1
William Zunker,6.6,0.0,6.6,0.0,5.0,1
Yang Shao-Horn,6.0,0.0,6.0,0.0,9.0,3
Xuanhe Zhao,6.4605263157894735,0.6343415457589863,6.386842105263159,0.6416143507351215,38.0,4
Thomas Peacock,6.042352941176472,0.5373960026533693,6.014705882352941,0.6361337044721004,170.0,12
Kyle Ian McKee,7.0,0.0,6.833333333333333,0.07453559924999306,6.0,2
Max William Pierce,6.681818181818182,0.0574959574576069,6.727272727272728,0.0862439361864103,22.0,2
Evan Keefe Massaro,6.7,0.0,6.599999999999999,8.881784197001252e-16,12.0,2
Nicolas Hadjiconstantinou,4.692990654205607,0.7498270391881737,4.67570093457944,0.8876979701795022,214.0,11
Dick K. P. Yue,5.968613138686131,0.539227864408343,5.7708029197080295,0.6327048393319769,137.0,10
Franz S. Hover,6.402157360406092,0.3071201018552691,6.336167512690355,0.38581975797654855,788.0,27
Anubhav Guha,6.6,0.0,6.7,0.0,15.0,2
Casey Bradt,0.0,0.0,0.0,0.0,0.0,1
Michael Frederick Fernandez,6.328205128205129,0.44315229653294075,6.312820512820513,0.4432858007174215,39.0,4
Jacopo Buongiorno,6.486610169491526,0.1446457996424664,6.300169491525423,0.3840241496882835,590.0,18
Kripa Varanasi,5.760663507109005,0.5736038360281281,5.625355450236967,0.6905226687948656,422.0,17
Sandra L. Walter,6.490217391304347,0.20433337136665713,6.559782608695652,0.22508924925976612,92.0,5
Marco Graffiedi,6.233333333333333,0.047140452079103,6.233333333333333,0.047140452079103,18.0,2
Rafael L. Estrella,6.158823529411764,0.0492152956784752,6.223529411764707,0.1476458870354254,17.0,2
Sili Deng,6.002459016393442,0.40009488930938836,6.090983606557377,0.43926244038676177,122.0,10
John G. Brisson,6.159223300970875,0.5474454165642987,6.086407766990291,0.6267574969154129,103.0,7
Sami Yamanidouzisorkhabi,6.207692307692308,0.1685300176938975,6.246153846153846,0.22227974271999865,26.0,3
Sangbae Kim,5.785714285714286,0.5659258863522129,5.526190476190476,0.728030455867886,42.0,4
Amos G. Winter,6.390243902439025,0.1884531099715303,6.275609756097562,0.1427610792845064,41.0,3
Aditya Mehrotra,5.653846153846154,0.3608012122941099,5.730769230769231,0.541201818441165,13.0,2
Ben Daniel Lerman,4.5,0.0,4.5,0.0,4.0,1
Mingyuan Li,5.85,0.5572252686302014,6.025,0.3238440982942256,20.0,3
Dawn Marie Wendell,6.012811387900356,0.5089025209343894,5.979359430604983,0.5380877063327478,281.0,16
Daniel Braunstein,6.410256410256411,0.2884928757906953,6.348717948717948,0.3576072870190505,78.0,7
David E. Hardt,4.8881118881118875,0.7849537432801006,4.581818181818182,0.763836137704827,143.0,7
Kaitlyn P. Becker,6.716666666666666,0.0372677996249963,6.8,0.0,24.0,2
Robert M. Podoloff,6.454545454545454,0.5158640348767675,6.472727272727273,0.47499456282229574,11.0,3
Raymond S. McCord,6.405882352941177,0.2287320246496892,6.488235294117648,0.1906100205414077,34.0,4
Ronald S. Spence,6.914285714285714,0.0989743318610787,6.914285714285714,0.0989743318610787,14.0,3
Xinnan Peng,6.9,0.1414213562373094,6.9,0.1414213562373094,9.0,2
Stephen M. Haberek,7.0,0.0,6.9,0.0,7.0,3
William Cormier,6.92,0.0979795897113272,6.88,0.1469693845669906,15.0,3
Jung-Hoon Chun,4.800361010830325,0.5873207965385114,4.727436823104693,0.6803892497734187,277.0,15
Ashley Hartwell,5.992857142857143,0.3421868447715283,6.032142857142857,0.3891874056732745,28.0,3
Wade Collins Warman,6.443103448275862,0.17430855417068583,6.543103448275862,0.1486862804300027,58.0,6
Alexandra H. Techet,5.8,0.28635642126552735,6.194999999999999,0.14309088021254177,20.0,4
Ahmad Zakka,6.5,0.0,6.3,0.0,4.0,1
David Wallace,6.6625,0.13242378069028116,6.5413461538461535,0.18636738785108795,104.0,3
Dayme Delgado,7.0,0.0,6.6,0.0,8.0,1
Layal A. Barakat,6.8,0.0,6.8,0.0,10.0,1
Shayna Ahteck,5.0200000000000005,1.6166632302368973,5.0200000000000005,1.6166632302368973,5.0,2
Styliani Rossikopoulou Pappa,6.833333333333333,0.23570226039551584,6.833333333333333,0.23570226039551584,6.0,2
Jared David Berezin,6.523636363636363,0.4639606708894961,6.539999999999999,0.43884144993587143,55.0,14
Charlene Xia,7.0,0.0,7.0,0.0,14.0,2
Victor Hung,7.0,0.0,7.0,0.0,8.0,1
Ari W. Epstein,7.0,0.0,6.714285714285714,0.1355261854357876,7.0,2
Sophia Lisbeth Hsu,7.0,0.0,7.0,0.0,7.0,2
Joel G. Grimm,7.0,0.0,7.0,0.0,7.0,2
Douglas Hart,5.237735849056604,0.5058996899208525,5.333962264150943,0.7343186795283825,53.0,8
Alfonso Alexander Perez,6.5,0.0,6.3,0.0,4.0,2
Suparnamaaya Prasad,7.0,0.0,7.0,0.0,1.0,2
Michael Trice,5.073333333333333,1.4829999625383978,4.993333333333333,1.401649821539682,15.0,4
Juergen Schoenstein,6.024390243902438,0.9550330061477704,5.968292682926828,1.119982365799818,82.0,18
Michael S. Triantafyllou,6.833333333333333,0.07453559924999306,6.666666666666667,0.14907119849998612,6.0,2
Laura S. McKee,6.661538461538461,0.0923076923076924,6.576923076923077,0.18461538461538476,13.0,2
Andrew Arnold Bennett,6.8,0.0,6.6,0.0,5.0,1
Rodolfo Rosales,5.0,0.0,6.114285714285714,0.4549052379454473,7.0,2
Nicholas Makris,5.692156862745097,0.6896555369949584,5.598529411764705,0.8086831428968556,204.0,10
Lallit Anand,6.827272727272727,0.13545149477955773,6.795454545454544,0.16916176423571283,22.0,5
Fan Liu,6.341666666666666,0.3200477394945252,6.116666666666667,0.487909372276815,12.0,4
Eric Michael Stewart,6.7,0.0,6.9,0.0,7.0,1
Willem Marinus Van Rees,6.087037037037038,0.5961438728585376,6.136111111111112,0.6072796557163048,108.0,7
Daniel Frey,5.544150943396225,0.8339798512616656,5.457358490566037,0.969921511983852,530.0,22
Bavand Keshavarz,6.887654320987654,0.10701645892725598,6.919753086419753,0.11907021798695795,81.0,7
Micha Feigin-Almon,5.0,0.0,5.3,0.0,6.0,1
Hao Li,5.834444444444444,0.4011541989784283,5.938888888888889,0.309729073167877,90.0,10
Anthony T. Patera,5.934355828220858,0.8321293823493429,5.7895705521472385,0.714496132634742,163.0,14
Raul A. Radovitzky,7.0,0.0,7.0,0.0,3.0,1
Ian Hunter,5.566954022988505,0.5733295858213393,5.168390804597701,0.7648384602386784,348.0,13
Michael Whitney Aling,6.4,0.0,6.4,0.0,5.0,1
Jean-Jacques E. Slotine,6.3,0.0,6.3,0.0,11.0,2
Joao Cavalcanti Vilela,6.1,0.0,6.2,0.0,10.0,1
Markus J. Buehler,6.8,0.0,6.8,0.0,6.0,1
Zhenze Yang,6.8,0.0,6.8,0.0,5.0,1
Neville Hogan,4.207792207792208,0.7769013097775588,3.896103896103896,0.9498382033705653,77.0,5
Federico Tessari,6.7,0.0,7.0,0.0,3.0,1
Johannes Lachner,7.0,0.0,7.0,0.0,3.0,1
Lydia Bourouiba,6.144444444444445,0.4573136806057038,6.3,0.3741657386773943,9.0,2
Gareth H. McKinley,6.310869565217391,0.5466213461165286,6.53695652173913,0.5027570489645607,46.0,5
Joshua David John Rathinaraj,6.255555555555556,0.2910177967490844,6.333333333333333,0.2494438257849292,18.0,2
Tolga Durak,,,,,0.0,2
Michael A. Cameron,0.0,0.0,0.0,0.0,0.0,1
Macauley Reardon Kenney,6.155555555555555,0.3201080064641766,6.300000000000001,0.4472135954999581,27.0,3
Sharmi M. Shah,6.9,0.1,6.9,0.1,8.0,2
Simon D. Opsahl,5.0,0.0,5.0,0.0,1.0,1
Christina Chen,5.0,0.0,5.5,0.0,2.0,1
Daniel Sweeney,6.51,0.2467792535850609,6.465000000000001,0.1681517172080024,20.0,3
Aly Kombargi,6.0,0.0,6.0,0.0,4.0,1
,,0.0,,0.0,,1
John J. Leonard,5.2440074906367045,0.6140914301535927,5.02434456928839,0.7658970904645857,534.0,18
Tim Y. Magoun,6.9,0.0,6.9,0.0,8.0,1
Martin A. Segado,6.066887417218544,0.3388179401930199,6.191390728476822,0.31788631341787865,151.0,10
Lauren Amy Chai,5.928301886792454,0.7773630701458802,5.856603773584905,0.8104295236576393,53.0,8
Kevin David Cedrone,6.644545454545455,0.26716912030205753,6.619090909090909,0.2432714363330337,110.0,14
Thalia Rubio,6.203921568627451,0.3843137254901963,6.269934640522877,0.48034369058791215,153.0,32
Keith Clavin,6.28,0.44387900539287894,6.302857142857143,0.44238684705693926,35.0,10
Kate Parsons,6.592857142857143,0.1869464618328918,6.528571428571429,0.15319721849662307,14.0,3
Leslie Ann Sulit Roldan,7.0,0.0,7.0,0.0,2.0,1
Linda Sutliff,6.221739130434782,0.6493853426521249,6.373913043478261,0.5407059727433221,23.0,6
Kevin J. Digenova,6.820833333333333,0.22542398324539947,6.954166666666667,0.04982608642958889,24.0,5
Barbara J. Hughey,6.6249015748031495,0.14030334879310397,6.6545275590551185,0.17234822499179173,1016.0,25
Irmgard Bischofberger,6.46085409252669,0.2226450106673538,6.412099644128114,0.2786524590202332,281.0,15
Cullen Buie,6.251873198847263,0.1576692852714486,6.1086455331412095,0.22632296553351733,347.0,12
Steven R. Gillmer,6.7333333333333325,0.19354668031334826,6.723809523809525,0.24281045302822754,21.0,4
Haiou Wang,4.2,0.0,3.5,0.0,5.0,1
Edward Boyden,5.7122448979591836,0.7314041996668437,5.342857142857142,0.7518684209680437,49.0,8
Anders Sejr Hansen,6.7368421052631575,0.17535085525218602,6.631578947368421,0.07981974151633225,19.0,4
Maxine Jonas,6.865665236051503,0.11910470541315221,6.936051502145923,0.07461395300292127,233.0,15
Kevin S. Ly,6.68888888888889,0.12862041003100302,6.714814814814815,0.21029732691227274,54.0,5
Steven Wasserman,6.446132596685084,0.38893389358391006,6.425690607734806,0.42754301695648067,362.0,23
Kacper K. Migacz,7.0,0.0,7.0,0.0,4.0,1
Bhuvna R. Murthy,6.9,0.0,6.9,0.0,7.0,1
Ashwin Gopinath,5.021153846153846,1.125975908073583,5.0673076923076925,1.3980372441729425,52.0,6
Nayan Pawan Agarwal,5.7,0.5126959555693246,5.7,0.5126959555693246,7.0,3
Doyoon Lee,5.8500000000000005,0.8500000000000001,5.65,0.6499999999999999,6.0,2
Benita Comeau,6.831578947368421,0.07292845505553176,6.947368421052632,0.08806947647727119,19.0,3
Mathias Kolle,5.391891891891893,0.6382175537936062,5.080405405405406,0.8062530494767768,444.0,17
Stephen G. Banzaert,6.828004807692308,0.14089978700085404,6.830649038461539,0.11791686241324069,832.0,33
Bon H. Koo,6.661403508771929,0.3296752181486696,6.671929824561404,0.24116267056055538,57.0,7
Anthony Buonassisi,6.188715953307393,0.29322622615752086,5.913618677042802,0.48982778928222714,257.0,12
Tingyu Su,5.0,0.0,6.3,0.0,4.0,1
Michael R. Benjamin,6.744444444444445,0.08314794192831011,6.911111111111111,0.08748897637790871,36.0,4
Tyler Matthew Paine,6.8,0.0,6.9,0.0,8.0,1
Eric Young,6.6,0.0,6.7,0.0,7.0,1
Mohamed Saad Ibn Seddik,6.9,0.0,6.9,0.0,7.0,1
Conlan Cesar,7.0,0.0,7.0,0.0,1.0,1
Kenneth Foote,6.0,0.0,7.0,0.0,1.0,1
Ted Maksym,6.25,0.25,6.0,0.0,4.0,2
Meredith Bittrich,0.0,0.0,0.0,0.0,0.0,1
Douglas Edward Jonart,5.66,0.596433846569201,5.626666666666667,0.6942301891703898,30.0,10
Jeremy Thomas Leghorn,6.319230769230769,0.3833247576435487,6.407692307692309,0.4296000617059448,26.0,8
Svetlana V. Boriskina,6.428571428571429,0.398978286964827,6.428571428571429,0.25753937681885647,14.0,4
Sorin Grama,5.6,0.0,5.8,0.0,8.0,1
Eliza Catherine Squibb,5.6,0.0,5.6,0.0,7.0,1
Gazi Sadman Sakib,5.2,0.0,5.0,0.0,5.0,1
Steven D. Eppinger,6.2,0.0,6.1,0.0,58.0,1
Maria Yang,6.477142857142858,0.3618095112748965,6.337142857142857,0.4405099086193598,70.0,7
Katie Chen,6.2,0.0,6.1,0.0,13.0,1
Alexander S. Crease,6.3,0.0,6.2,0.0,11.0,1
Natha Singhasaneh,5.9,0.0,6.0,0.0,10.0,1
Ioannis V. Yannas,5.9,0.2768874620972692,5.838888888888889,0.44862616073827577,18.0,4
Myron Spector,6.377777777777778,0.2973130702279922,6.322222222222223,0.3065136494251937,18.0,4
Toni-Rose Maico Guiriba,6.7,0.0,5.5,0.0,3.0,1
Jongyoon Han,5.7,0.0,5.5,0.0,31.0,1
Scott R. Manalis,6.111242603550297,0.5101840893724957,5.926627218934911,0.660688978357468,169.0,11
Michelle A. Hsu,6.5,0.0,6.7,0.0,13.0,1
Stuti Khandwala,6.7,0.0,7.0,0.0,3.0,1
Vainavi Mukkamala,7.0,0.0,7.0,0.0,9.0,1
Amy X. Zhong,6.9,0.0,6.9,0.0,12.0,1
Mark Bathe,6.230769230769231,0.5538461538461535,6.230769230769231,0.5538461538461535,26.0,2
Peter T. C. So,5.3052238805970156,0.7123449990269267,5.463059701492537,0.6173012129264834,268.0,23
James A. Drayton,6.7,0.0,6.4,0.0,15.0,1
Timothy G. Gutowski,5.924137931034483,0.35002972525377973,5.93448275862069,0.37808579766025324,29.0,6
Julie Newman,6.24,0.1199999999999999,6.0,0.0,5.0,2
Andrea M. Quiros Balma,6.333333333333333,0.2357022603955158,6.0,0.0,3.0,2
Donald M. Baskin,6.615384615384615,0.1994074061048571,6.503846153846154,0.16751755184909695,26.0,4
Jose Juan Pacheco,6.4,0.0,6.3,0.0,14.0,1
Thomas A. Roemer,5.714000000000001,1.01902109889835,5.575,1.1015784130056288,100.0,16
Kathryn Elizabeth Hansen,6.623809523809523,0.24018133738892392,6.6380952380952385,0.19389783877621292,63.0,8
Peter Hansen,6.5402877697841735,0.29005566929344956,6.564028776978417,0.32453778847817216,139.0,12
Douglas A. Lauffenburger,6.251351351351351,0.29830296736038636,6.391891891891892,0.39137897468585414,37.0,6
William Aulet,6.4,0.0,5.9,0.0,9.0,1
Eugene A. Fitzgerald,5.5,0.0,5.8,0.0,4.0,1
Scott Stern,6.8,0.0,6.8,0.0,8.0,1
Victor Ogbonnia Obiahu,5.0,0.0,4.8,0.0,4.0,1
Shari Loessberg,6.9,0.0,7.0,0.0,30.0,1
Victoria Y. Yang,6.9,0.0,6.9,0.0,20.0,1
George Barbastathis,4.839298245614035,0.4760210066466102,4.869473684210526,0.5653268610580918,285.0,12
Subeen Pang,5.728571428571428,0.4948716593053935,6.128571428571428,0.14846149779161796,7.0,2
,,0.0,,0.0,,1
Christopher Alexis Kotelly,5.763366336633664,0.7651729594520962,5.599999999999999,0.7184967806207456,101.0,14
Gregory L. Long,5.571428571428571,0.3194382824999698,6.428571428571429,0.4948716593053934,7.0,3
Seth Lloyd,5.291269841269842,0.9340150436630361,5.20079365079365,0.8568580508606819,126.0,9
Kenneth C. Zolot,6.3275,0.49648136923755765,6.124999999999999,0.6227961143102931,40.0,11
Vivishek Sudhir,5.466666666666668,0.6896053621859067,5.1125,0.9328774928503026,24.0,4
Anastasios John Hart,5.820229007633587,0.5973311708827658,5.687022900763359,0.6548581743272268,262.0,11
Kaitlyn Elizabeth Gee,6.8,0.0,6.6,0.0,8.0,1
Alexander I. Peraire-Bueno,6.6,0.0,6.5,0.0,8.0,1
Ana Carolina Bastidas,6.909090909090909,0.2874797872880345,6.745454545454546,0.27423823870906083,11.0,5
Juliet Simpson,6.909090909090909,0.2874797872880345,6.909090909090909,0.2874797872880345,11.0,5
Madhurima Das,7.0,0.0,7.0,0.0,5.0,1
Booker B. Schelhaas,6.7,0.0,6.6,0.0,7.0,1
Leah M. Chong,7.0,0.0,7.0,0.0,1.0,1
Qifang Bao,6.3,0.0,7.0,0.0,3.0,1
Jana I. Saadi,7.0,0.0,7.0,0.0,1.0,1
Robin Willis,6.363636363636363,0.22268088570756164,6.445454545454546,0.08907235428302474,11.0,2
Madison A. Reddie,0.0,0.0,0.0,0.0,0.0,1
Sheng-Hung Lee,7.0,0.0,6.5,0.0,2.0,1
George Edward Moore,6.3,0.0,7.0,0.0,4.0,1
Emilio Baglietto,5.8,0.0,5.3,0.0,4.0,1
Matteo Bucci,7.0,0.0,7.0,0.0,2.0,1
Michael W. Golay,4.8,0.0,4.4,0.0,17.0,1
Gregory Stephanopoulos,4.8,0.0,4.7,0.0,10.0,1
Liam S. Hines,4.0,0.0,4.0,0.0,2.0,1
Azfar Sulaiman,3.5,0.0,3.5,0.0,2.0,1
Andrew Saloutos,7.0,0.0,7.0,0.0,2.0,1
Nina T. Petelina,6.7,0.0,6.8,0.0,3.0,1
Collin John Goldbach,7.0,0.0,7.0,0.0,1.0,1
Amy Carleton,6.1528301886792445,0.6730958533284015,5.967924528301887,0.8181372272460835,53.0,17
Kyle M. Keane,5.3,0.0,5.3,0.0,3.0,1
Brandon W. Yue,6.6,0.0,6.6,0.0,5.0,1
Abbott Weiss,5.927272727272728,0.4574452954694226,5.727272727272728,0.5785419118799026,11.0,4
Yuke Cui,5.75,0.4330127018922193,5.75,0.4330127018922193,4.0,2
Vicente Parodi,5.666666666666667,0.2357022603955158,5.866666666666667,0.0942809041582064,6.0,2
Carlos M. Portela Galindo,6.337179487179487,0.24290389275943208,6.37948717948718,0.3171827000645683,78.0,3
Ippolyti Dellatolas,6.3,0.0,6.3,0.0,8.0,1
Maya S. Redden,5.0,0.0,4.5,0.0,2.0,1
Jack O'Leary,6.9,0.0,6.9,0.0,8.0,1
Max J. Burns,6.6,0.0,6.8,0.0,13.0,1
Nikolaos Tsakiris,4.4,0.0,5.0,0.0,7.0,1
Shiva Mudide,6.2,0.0,6.5,0.0,10.0,1
Rika Sugimoto Dimitrova,6.391304347826087,0.13803919883815247,6.4913043478260875,0.13803919883815247,23.0,2
Simone Bruno,6.6,0.0,6.4,0.0,7.0,1
Youngjae Min,6.0,0.0,7.0,0.0,2.0,1
Asegun S. Henry,5.882191780821917,0.312016185808393,5.912328767123287,0.4898826265572089,146.0,4
Christos Kakoutas,4.679999999999999,1.1600000000000001,4.84,1.08,15.0,2
Nathan Ramesh,6.220000000000001,0.6368673331236262,6.220000000000001,0.6368673331236262,5.0,2
Rohit Karnik,5.844354838709678,0.2705437831583257,5.877419354838708,0.37980018296497575,248.0,13
Aljazzy Khalaf F Alahmadi,5.3,0.0,5.3,0.0,6.0,1
Joshua P. Wiesman,5.2,0.0,5.0,0.0,20.0,1
Ellen Roche,6.6,0.0,6.5,0.0,22.0,1
Tom McGlennon Dillon,6.818181818181818,0.1991718390927878,6.8,0.0,11.0,2
April Marie Anlage,6.828571428571428,0.06998542122237658,6.257142857142857,0.10497813183356472,7.0,2
Samuel Dutra Gollob,7.0,0.0,7.0,0.0,1.0,1
Amandeep Singh,0.0,0.0,0.0,0.0,0.0,1
Deepali Kishnani,7.0,0.0,7.0,0.0,1.0,1
Jordan L. Tappa,0.0,0.0,7.0,0.0,0.0,1
James F. Dudley,7.0,0.0,7.0,0.0,4.0,1
Atissa Banuazizi,6.2124999999999995,0.29764702249476654,6.3875,0.23150323971815173,8.0,2
Rebecca Thorndike-Breeze,7.0,0.0,7.0,0.0,9.0,2
Elizabeth Hyde Stevens,7.0,0.0,7.0,0.0,2.0,1
Peter Nielsen,6.82,0.1469693845669906,6.58,0.34292856398964505,10.0,2
Richard M. Wiesman,7.0,0.0,7.0,0.0,5.0,1
Nathan Phipps,6.3999999999999995,0.24494897427831788,6.571428571428571,0.1749635530559413,14.0,2
Kamala Grasso,7.0,0.0,7.0,0.0,2.0,1
Juhan Sonin,7.0,0.0,7.0,0.0,6.0,1
Melinda Lois Liggett,6.0,0.0,6.0,0.0,3.0,1
Samuel H. Ihns,6.5857142857142845,0.24743582965269675,6.285714285714286,0.24743582965269675,7.0,2
Lauren Futami,6.6,0.2,6.04,0.4800000000000001,5.0,2
Michaelina C. Dupnik,0.0,0.0,0.0,0.0,0.0,1
Alfonso Perez,5.0,0.0,5.0,0.0,5.0,1
Annemarie Dapoz,6.3,0.0,6.3,0.0,6.0,1
Moses Chong-Ook Nah,6.8,0.0,7.0,0.0,6.0,1
Daniel H. Rothman,6.3,0.0,6.5,0.0,15.0,1
Constantin W. Arnscheidt,6.6,0.0,6.7,0.0,11.0,1
Tal Cohen,6.4,0.0,6.3,0.0,12.0,1
Chockalingam Senthilnathan,5.0,0.0,5.0,0.0,5.0,1
Xiao-Yun Yan,5.5,0.0,4.0,0.0,2.0,1
David Jin,7.0,0.0,7.0,0.0,2.0,1
Navid Azizan Ruhi,5.95925925925926,0.23453541035537143,5.862962962962963,0.13648537609398723,27.0,3
Luca Daniel,6.4,0.0,6.4,0.0,32.0,1
H. Azzouz,6.3,0.0,6.3,0.0,10.0,1
John Drago,6.7,0.0,6.8,0.0,11.0,1
Suhan Kim,6.8,0.0,6.8,0.0,12.0,1
Jaime Peraire,6.1,0.0,6.1,0.0,21.0,1
Peter Williston Shor,4.6,0.0,4.7,0.0,20.0,1
James Russell Hermus,6.285714285714286,0.2474358296526967,5.871428571428572,0.1484614977916179,7.0,2
Nicholas M. Patrikalakis,4.112765957446808,0.9980016247964848,4.563120567375886,0.5310783019183447,141.0,8
Brady Meikle Hammond,6.6,0.0,6.6,0.0,5.0,1
John Thomas Bell,5.3,0.0,5.3,0.0,3.0,1
Krishan Kant,6.3,0.0,6.3,0.0,8.0,1
Michael Andrew Cameron,6.246,0.35168736116044863,6.376,0.308907753220925,50.0,6
Brenda D. Fernandez Martinez,7.0,0.0,7.0,0.0,3.0,1
Daniel J. Zheng,6.3,0.0,6.5,0.0,4.0,1
Eric Anton Verploegen,6.3,0.0,6.2,0.0,10.0,1
Paul Lilin,6.483333333333333,0.3804237403504443,6.333333333333333,0.4714045207910318,6.0,4
David Robledo,3.9,0.0,4.1,0.0,8.0,1
Chloe V. McCreery,6.7,0.0,6.7,0.0,6.0,1
Sabrina P. Meng,5.8,0.0,5.8,0.0,4.0,1
Cat Arase,7.0,0.0,7.0,0.0,9.0,1
Julien Bonnel,7.0,0.0,6.0,0.0,2.0,2
Brendan Decourcy,7.0,0.0,7.0,0.0,2.0,1
Emily J. Young,6.4,0.0,6.523076923076923,0.0973008510821036,13.0,2
Eric J. Alm,2.3,0.0,2.1,0.0,66.0,1
Linda G. Griffith,3.9,0.0,3.6,0.0,58.0,1
Christopher A. Voigt,4.4,0.0,4.5,0.0,59.0,1
Maureen Elizabeth Buckley,6.3,0.0,6.4,0.0,21.0,1
Yufei Cui,6.2,0.0,6.4,0.0,10.0,1
Kaiyi Jiang,6.4,0.0,6.6,0.0,17.0,1
Isabella H. Witham,5.8,0.0,5.8,0.0,13.0,1
Sang-Gook Kim,4.727941176470588,0.7665517879430039,4.977941176470588,0.6286880803881567,68.0,4
Jonathan E. Gans,6.2,0.0,6.2,0.0,6.0,1
Robert T-I. Shin,6.4,0.0,6.2,0.0,5.0,1
Binyang Song,7.0,0.0,7.0,0.0,1.0,1
Eunhae Lee,7.0,0.0,7.0,0.0,1.0,1
Ming Guo,6.323966942148759,0.37725077556912867,6.27603305785124,0.4378808459738962,121.0,12
Alexander Bevacqua,6.8,0.0,7.0,0.0,6.0,1
John Robert Lewandowski,4.893548387096774,0.5690600534503213,5.145161290322581,0.20452732237609483,31.0,3
Paul Edward Carson,6.5473684210526315,0.37608568599894415,6.473684210526315,0.17723640253139705,38.0,3
Brian Anthony,5.8578947368421055,0.36464227527765836,5.626315789473685,0.29171382022212666,19.0,2
Russel Bradley,6.2,0.0,6.2,0.0,18.0,1
Bernhardt L. Trout,6.209090909090909,0.20738433996522007,6.14909090909091,0.2947249733520314,55.0,7
Luis Perez-Breva,6.8310344827586205,0.0462634753965476,6.662068965517241,0.0925269507930948,29.0,2
Sixian You,0.0,0.0,0.0,0.0,0.0,1
Rajeev J. Ram,0.0,0.0,0.0,0.0,0.0,1
Qihang Zhang,0.0,0.0,0.0,0.0,0.0,1
,,0.0,,0.0,,1
Elizabeth E. Brennan,5.666666666666667,0.4714045207910317,5.666666666666667,0.4714045207910317,3.0,2
Sarah E. Pertsemlidis,7.0,0.0,7.0,0.0,2.0,2
Brian J. Robinson,6.333333333333333,0.2357022603955158,6.0,0.0,3.0,2
Victory M. Yinka-Banjo,6.775,0.1299038105676657,6.775,0.1299038105676657,4.0,2
Julie H. Lely,7.0,0.0,7.0,0.0,1.0,1
Marcel A. Thomas,6.3,0.0,6.0,0.0,3.0,1
John Liu,6.631428571428572,0.2080816166403787,6.637142857142858,0.18683180256310652,35.0,5
Benjamin David Armstrong,6.8,0.0,6.8,0.0,4.0,1
William Boone Bonvillian,5.7,0.0,5.7,0.0,3.0,1
Aubrey Elizabeth Simonson,6.875,0.09682458365518551,6.875,0.09682458365518551,8.0,2
Mateo Larrea,7.0,0.0,7.0,0.0,3.0,1
Karan Bhuwalka,6.8,0.0,6.9,0.0,10.0,1
Jonathan B. Miller,5.5,0.0,5.8,0.0,4.0,1
Faez Ahmed,6.3374999999999995,0.7318996402057685,6.191666666666666,0.693972061557396,24.0,4
Lyle Regenwetter,6.8,0.0,6.9,0.0,13.0,1
,,0.0,,0.0,,1
Thomas W. Eagar,6.346979865771812,0.4554748310744116,6.2194630872483225,0.5407151432012175,298.0,27
David F. Larson,6.7,0.0,6.7,0.0,7.0,1
Pierre Lermusiaux,6.647058823529412,0.12031892452401591,6.502941176470588,0.13850099621142434,272.0,9
Wael Hajj Ali,6.9,0.0,6.9,0.0,9.0,1
Manan Mukesh Doshi,6.9,0.0,6.9,0.0,9.0,1
Qian Xu,7.0,0.0,7.0,0.0,1.0,1
Lenan Zhang,7.0,0.0,7.0,0.0,1.0,1
Jae Hyung Cho,6.8,0.0,6.8,0.0,5.0,1
Seungchan Ryu,7.0,0.0,7.0,0.0,2.0,1
Tesla Wells,5.8,0.0,6.0,0.0,5.0,1
Qing Zhang,6.925,0.043301270189222016,6.758333333333333,0.5314419587834174,12.0,4
Sreya Vangara,6.74,0.11999999999999993,6.74,0.11999999999999993,20.0,2
Naomi P. Lutz,6.8,0.0,6.8,0.0,5.0,1
Isabel Naranjo De Candido,6.8,0.0,6.9,0.0,6.0,1
Trevor Ryan Murphy,5.991666666666667,0.4974239193641131,6.3,0.676387462923434,24.0,4
Michael Joseph Arnold,6.138095238095237,0.20113059125659885,6.309523809523809,0.31908315367144674,21.0,5
Muyuan Lin,6.0,0.31622776601683805,6.428571428571429,0.0451753951452624,7.0,2
Jessica Lee Osserman,5.7,0.0,5.7,0.0,3.0,1
Jonathan M. Hunt,6.321052631578947,0.8114826893561277,6.278947368421053,0.8811350021232609,19.0,5
Leah K. Pettit,6.909999999999999,0.13747727084867498,6.609999999999999,0.22113344387496003,10.0,4
Adam W. Potter,7.0,0.0,7.0,0.0,8.0,2
Fernando Rendon,5.993333333333334,0.4668571040003091,5.9399999999999995,0.4013311184877979,15.0,5
Akshay Kothakonda,5.3933333333333335,1.2646299414804667,5.473333333333333,1.230429012806328,15.0,8
Lisa Tang,6.6000000000000005,0.3360672201667223,6.658823529411765,0.34820349616349966,17.0,5
Xuanlai Fang,5.146400000000001,0.8108804104182072,5.049600000000001,0.7624826817705435,125.0,10
Jenny Gao,6.5,0.0,6.7,0.0,6.0,1
Sidney Y. Vermeulen,6.843478260869565,0.15555255495650708,6.834782608695652,0.04762804847871046,23.0,3
Thomas Heldt,6.2105263157894735,0.24686398735912787,6.110526315789474,0.24686398735912787,19.0,2
Jonathan Birjiniuk,6.2,0.0,6.0,0.0,5.0,1
James Lynch,6.3,0.0,6.4,0.0,8.0,1
Joseph J. Frassica,4.8,0.0,4.4,0.0,5.0,1
Roger G. Mark,6.0,0.0,6.0,0.0,7.0,1
Mulan Jiang,5.5,0.0,6.0,0.0,4.0,1
Ilana S. Nazari,5.5,0.0,6.0,0.0,4.0,1
Stephen J. Lyons,6.603225806451612,0.2681885121396975,6.6483870967741945,0.29607210078925916,31.0,3
,,0.0,,0.0,,1
Katherine E. Brennan,6.428571428571429,0.3194382824999698,6.142857142857143,0.5150787536377128,7.0,7
Lucas K. De Bonet,7.0,0.0,7.0,0.0,4.0,1
Melissa Dearborn,6.8,0.0,6.8,0.0,5.0,1
Jeehwan Kim,5.2388059701492535,0.9182974551221192,5.101492537313433,0.9788041039068569,67.0,5
Yunpeng Liu,6.8,0.0,6.8,0.0,4.0,1
Simona Socrate,6.632068311195445,0.1934802871600589,6.599051233396584,0.2672139113425559,527.0,11
Shreya Dhar,7.0,0.0,7.0,0.0,5.0,2
Hannah Jacqueline Szapary,6.0,0.0,6.2,0.0,6.0,1
Erik M. Thompson,7.0,0.0,6.5,0.0,2.0,1
Shelly Ben-David,5.0,0.0,4.5,0.0,2.0,1
Jeremy A. McCulloch,6.833333333333333,0.37267799624996495,6.833333333333333,0.37267799624996495,6.0,2
Jiajie Qiu,6.6,0.0,6.8,0.0,11.0,1
Violet Killy,6.6000000000000005,8.881784197001252e-16,6.534782608695653,0.047628048478709925,23.0,2
Themistoklis Panagiotis Sapsis,5.5410112359550565,0.39753890331517766,5.521348314606742,0.44075316287809757,178.0,5
John Kim Vandiver,6.214963503649636,0.33093899604907934,6.131386861313868,0.3677216943544504,274.0,10
Theodore Wu Grunberg,6.090909090909091,0.6037075533048724,6.245454545454546,0.6860474888991239,22.0,3
Bo Jiang,5.945454545454545,0.04979295977319674,6.036363636363636,0.14937887931959065,33.0,3
Lani Dakyoung Lee,0.0,0.0,0.0,0.0,0.0,1
Joseph E. Bonavia,7.0,0.0,7.0,0.0,6.0,2
Robyn Corina Richmond,5.6,0.0,5.8,0.0,9.0,1
Warren Paul Seering,6.114736842105263,0.23349447014871166,6.125263157894737,0.3201869260135827,95.0,5
Duncan Ru Chieh Lee,5.8,0.0,5.8,0.0,9.0,1
Brian L. Wardle,7.0,0.0,7.0,0.0,5.0,1
Anuradha M. Annaswamy,6.7,0.0,6.7,0.0,3.0,1
Thomas Pickering,6.585714285714286,0.09897433186107879,6.3,0.34641016151377557,7.0,2
Paul C. Blainey,5.570689655172414,0.7107569109370016,5.38103448275862,0.719783707107792,58.0,7
Nicolas H. Arons,6.7,0.0,6.9,0.0,7.0,1
John Zhongyuan Zhang,6.826666666666666,0.06798692684790417,7.0,0.0,15.0,3
Richard D. Braatz,6.3,0.0,6.0,0.0,3.0,1
,,0.0,,0.0,,1
Lukas Z. Drexler-Bruce,5.666666666666667,2.1147629234082532,5.833333333333333,2.1730674684008826,6.0,5
Evan J. Gwozdz,6.666666666666667,0.372677996249965,6.666666666666667,0.372677996249965,6.0,5
Claire D. Melvin,7.0,0.0,7.0,0.0,3.0,5
Michela Geri,6.643859649122807,0.11084609823811442,6.631578947368421,0.16874967938822538,57.0,4
Alberto Rodriguez Garcia,5.699999999999999,0.4703158592704445,5.712468827930175,0.6425045598106134,401.0,15
Neel D. Doshi,6.832142857142856,0.04670248868079318,6.628571428571428,0.18680995472317188,28.0,2
Orion Thomas Taylor,6.078787878787879,0.31885930758705266,6.206060606060606,0.4935581350667231,33.0,4
Sang Uk Lee,6.769230769230769,0.12639751327042287,6.538461538461538,0.25279502654084574,13.0,2
Alban Chris Cobi,6.4,0.0,6.3,0.0,12.0,1
Yuwei Li,6.445454545454545,0.11570838237598056,6.524242424242424,0.13713586059375465,33.0,3
Anya S. Chase,6.1,0.0,6.1,0.0,8.0,1
Joseph Wight,6.387179487179487,0.2368917173163098,6.394230769230769,0.29940975795023544,156.0,10
Sydney Glass Sroka,6.593464052287581,0.26805355103803746,6.618300653594771,0.21645930001195154,153.0,10
Amit Arun Gandhi,6.741666666666666,0.14409680388158824,6.733333333333334,0.24438130497691982,24.0,4
Ali Talebinejad,6.091304347826087,0.2357468123778428,6.391304347826087,0.2357468123778428,23.0,2
Angelina Jay,6.952173913043478,0.049952718665547895,6.85217391304348,0.04995271866554834,23.0,2
Ibuki Iwasaki,7.0,0.0,6.666666666666667,0.2981423969999719,6.0,2
Cecilia A. Luna,7.0,0.0,7.0,0.0,4.0,2
Kevin Dover,6.0,0.0,6.0,0.0,3.0,1
Brianna Williams,6.5,0.0,6.5,0.0,2.0,1
Sarah C. Fay,6.178571428571429,0.4003187505486301,6.303571428571429,0.6196094062605332,28.0,5
Alice Meite Nasto,6.5,0.0,6.508333333333333,0.09965217285917796,24.0,2
Robert E. Bebermeyer,6.833333333333333,0.3726779962499649,6.833333333333333,0.3726779962499649,6.0,3
Terryn D. Brunelle,7.0,0.0,7.0,0.0,1.0,2
Keithen E. Shepard,6.333333333333333,0.4714045207910317,6.666666666666667,0.23570226039551584,3.0,2
Stephen C. Graves,7.0,0.0,7.0,0.0,10.0,1
,,0.0,,0.0,,1
Mary Claire Strawser,6.8,0.0,6.8,0.0,11.0,1
Krithika Ramchander,6.790909090909091,0.14431370787625075,6.754545454545456,0.19241827716833404,22.0,2
Sachin Thapa,7.0,0.0,6.840000000000001,0.08000000000000007,5.0,2
Megan C. Flynn,6.75,0.4330127018922193,6.75,0.4330127018922193,4.0,2
Minna Z. Wyttenbach,5.0,0.0,5.0,0.0,3.0,1
Yingnan Cui,6.5,0.0,6.5,0.0,2.0,2
Alexis-Tzianni Charalampopoulos,7.0,0.0,7.0,0.0,3.0,1
Cameron David McBride,6.358823529411764,0.264705882352941,6.285294117647059,0.3088235294117648,34.0,2
Yosef Shimshon Kornbluth,6.8,0.0,6.3,0.0,4.0,1
Jiaheng Zhang,7.0,0.0,7.0,0.0,3.0,1
Abdalla O. Osman,3.5,0.0,3.5,0.0,2.0,1
Rebecca Elizabeth Zubajlo,6.0,0.0,6.5,0.0,2.0,1
James Gabbard,7.0,0.0,7.0,0.0,17.0,1
Thomas Gillis,6.6,0.0,6.9,0.0,10.0,1
Mary E. Caulfield,6.7,0.0,7.0,0.0,3.0,1
Julie L. Sutton,6.902362204724409,0.11533215771420052,6.911023622047243,0.11986103926354659,127.0,8
Tam B. Nguyen,4.0,0.0,4.3,0.0,3.0,1
Samuel Laney,0.0,0.0,0.0,0.0,0.0,1
Anna P. M. Michel,0.0,0.0,0.0,0.0,0.0,1
,,0.0,,0.0,,1
Claire M. Traweek,6.6,0.0,6.2,0.0,5.0,1
Asia E. Chapman,7.0,0.0,6.0,0.0,3.0,1
Matthew Duplessie,5.8,0.0,6.0,0.0,5.0,1
Kendrick Tasker Smith,7.0,0.0,7.0,0.0,6.0,1
Georgia D. Van De Zande,7.0,0.0,7.0,0.0,6.0,1
Ethan Levi Carlson,0.0,0.0,0.0,0.0,0.0,1
Luis Zanforlin,6.5,0.0,7.0,0.0,2.0,1
Zhe Liu,6.7,0.0,6.8,0.0,6.0,1
Zekun Ren,6.6,0.0,6.8,0.0,5.0,1
Dongchan Lee,7.0,0.0,7.0,0.0,1.0,1
Aaron S. Baumgarten,6.55,0.25,6.65,0.25,18.0,2
Lyndie L. Zollinger,7.0,0.0,7.0,0.0,1.0,1
Mary Claire Tellers,6.6461538461538465,0.1946017021642077,6.676923076923076,0.09730085108210407,13.0,2
Ashley Brown Raynal,6.5,0.0,6.4,0.0,11.0,1
Rohit Balasaheb Supekar,6.354166666666667,0.07626252174051315,6.416666666666667,0.037267799624996364,24.0,3
Suhyoun Yu,6.877272727272728,0.041907020260422444,6.877272727272728,0.041907020260422444,22.0,2
Rushina Jaidip Shah,5.9975609756097565,0.09997025137521523,5.9487804878048784,0.049985125687607615,41.0,2
Steven Yip Fun Yeung,5.8,0.0,5.8,0.0,6.0,1
Neil Zi-Xun Jia,4.279999999999999,0.29933259094191517,4.086666666666667,0.19955506062794348,15.0,2
Samantha Ann McBride,6.5826086956521745,0.1464126803520237,6.704347826086957,0.24402113392003966,23.0,2
Megan McCandless,6.5,0.0,6.5,0.0,2.0,1
Aniwat Tiralap,6.05483870967742,0.33585587315665466,6.093548387096775,0.25264469998969363,62.0,5
Ryan P. Koeppen,6.3,0.0,6.3,0.0,12.0,1
Rebecca A. Kurfess,6.5,0.0,6.5,0.0,13.0,1
Fiona R. Grant,6.4,0.0,6.5,0.0,11.0,1
Elaine Chen,6.2,0.0,5.9,0.0,14.0,1
Darius J. Chan,6.3,0.0,7.0,0.0,3.0,1
Claudia J. Chen,6.0,0.0,7.0,0.0,2.0,1
Caela G. Gomes,5.4071428571428575,1.2348882457906207,5.121428571428572,1.438341590378393,14.0,3
Dajiang Suo,0.0,0.0,0.0,0.0,0.0,1
Gokul Prasath Rajamanickam,5.366666666666667,0.8013876853447539,5.366666666666667,0.8013876853447539,6.0,2
Malcah Effron,5.4423076923076925,0.2789721200890552,5.43076923076923,0.3677051816220655,26.0,5
Eliot Henry Frank,5.059770114942528,0.5421243378852981,5.175862068965519,0.47933515192564513,174.0,15
Sally S. Liu,0.0,0.0,0.0,0.0,0.0,1
Domenic N. Narducci,6.4,0.0,6.5,0.0,11.0,1
Max Andrew Stockslager,6.5,0.0,6.7,0.0,11.0,1
Satish Kumar Gupta,6.4,0.3464101615137754,6.25,0.4330127018922193,8.0,2
Andrew J. Gillespy,6.777777777777778,0.19876159799998147,6.555555555555555,0.39752319599996255,9.0,3
Brian Patrick Hohmann,6.0,0.0,6.2,0.0,5.0,1
Simon C. Bellemare,6.306896551724138,0.2448518686355412,6.253448275862069,0.2841900270286496,58.0,6
Daniel Adam Doneson,6.264166666666667,0.34127111249301795,6.180000000000001,0.4015802119958934,120.0,10
Rory G. Schacter,6.125454545454545,0.43493706203758276,6.114545454545455,0.3106697643468685,55.0,9
,,0.0,,0.0,,1
Tareq Saqr,5.0,0.0,5.4,0.0,5.0,1
Kwabena Kesse Arthur,5.5,0.0,5.8,0.0,22.0,1
James Maxwell Salamy,5.5,0.0,5.7,0.0,20.0,1
Haeseong Kim,5.1,0.0,5.2,0.0,23.0,1
Simon Lutz Batzner,6.414285714285714,0.1456862718169366,6.476190476190476,0.0971241812112908,21.0,2
Kaitlyn Tuley Hood,6.4,0.0,6.299999999999999,8.881784197001252e-16,13.0,3
Mo Deng,5.875000000000001,0.04330127018922216,5.7250000000000005,0.04330127018922177,16.0,2
Nicholas R. Meyer,6.0,1.224744871391589,6.171428571428572,1.2947302926139657,7.0,2
Zoe Bornhorst,6.3875,0.23150323971815173,6.4750000000000005,0.19843134832984416,8.0,2
Laura Y. Li,6.8,0.0,6.5,0.0,4.0,2
Elijah B. Stanger-Jones,7.0,0.0,7.0,0.0,5.0,2
Karl K. Berggren,6.7,0.0,6.6,0.0,7.0,1
Akshay Agarwal,6.8,0.0,6.8,0.0,4.0,1
Di Zhu,6.8,0.0,6.8,0.0,5.0,1
Benjamin Miller,6.0777777777777775,0.04157397096415475,5.844444444444445,0.08314794192830989,9.0,2
Karen Boiko,5.944155844155844,0.5699153517673755,5.946753246753246,0.9077708412103772,77.0,24
Jane Calena Abbott,4.84,1.08,4.6,1.2,5.0,2
Karen Pepper,5.833333333333333,0.4714045207910317,5.7,0.5656854249492381,6.0,2
Jiahui Fu,6.3,0.0,6.3,0.0,3.0,1
Joel P. Harbour,5.739999999999999,0.7855359104882899,5.6466666666666665,0.7605845705040888,15.0,9
Sarah A. Moseson,6.8,0.0,6.5,0.0,4.0,1
Michael A. Pena,5.0,0.0,5.2,0.0,6.0,1
Bruce C. Arntzen,6.3,0.0,6.5,0.0,8.0,1
,,0.0,,0.0,,1
James Douglass Penn,6.311666666666666,0.21220404226959386,6.4,0.2750757471437035,60.0,6
Ian A. Waitz,6.866666666666666,0.09428090415820642,6.866666666666666,0.09428090415820642,9.0,2
Katherine R. Weishaar,6.857142857142857,0.0903507902905252,6.714285714285714,0.1807015805810504,7.0,2
Darshita Shah,7.0,0.0,7.0,0.0,8.0,2
Tanner Scott Reid,6.714285714285714,0.1355261854357876,6.714285714285714,0.1355261854357876,7.0,2
Emily Hsu,6.833333333333333,0.23570226039551584,6.833333333333333,0.23570226039551584,6.0,2
Tom Frejowski,6.3,0.0,6.5,0.0,6.0,1
Lyndie L. Mitchell,6.3,0.0,6.5,0.0,6.0,1
Carlos Munoz Royo,6.5,0.0,6.5,0.0,4.0,1
Matthew J. Quejada,6.604347826086957,0.1428841454361302,6.6695652173913045,0.09525609695742028,23.0,2
Ashley B. Raynal,6.207692307692307,0.14915938022819486,6.06923076923077,0.12639751327042287,13.0,3
Mo Chen,5.1,0.0,5.1,0.0,8.0,1
Siyu Dai,3.0,0.0,3.0,0.0,5.0,1
Arkopal Dutt,6.6,0.0,6.8,0.0,11.0,1
Mei Yi Cheung,6.012941176470589,0.5355125604709429,6.110588235294116,0.5050389686564709,85.0,5
Zeyu Zhang,3.6,0.0,3.6,0.0,10.0,1
Konstantin Turitsyn,5.717230769230769,0.377699545598829,5.877538461538462,0.3018202764725074,325.0,14
Harriet A. Chiu,6.041176470588235,0.19115384481496353,6.141176470588236,0.19115384481496392,17.0,2
Saviz Mowlavi,6.1,0.0,6.2,0.0,10.0,1
Jiawei Zhou,6.1,0.0,6.2,0.0,13.0,1
William James Sawyer,6.2,0.0,6.6,0.0,5.0,1
Bethany R. Lettiere,5.833333333333333,0.3299831645537223,5.699999999999999,0.14142135623730984,21.0,2
Jin Wu,5.2,0.0,5.1,0.0,11.0,1
Lucy Wei Du,6.0,0.0,6.0,0.0,2.0,1
Mojtaba Forghani Oozroody,5.1,0.0,5.3,0.0,17.0,2
Gerald Jonathan Wang,6.8,0.0,6.8,0.0,19.0,1
Siddharth Bajpai,0.0,0.0,0.0,0.0,0.0,1
Michael Cameron,6.0,0.0,6.0,0.0,1.0,1
Andrea Michelle Lehn,5.8,0.0,5.4,0.0,9.0,1
Ian Patrick Tracy,4.207407407407407,0.5476724662747807,3.9185185185185185,0.6043282386480338,27.0,2
Span Spanbauer,6.4,0.0,6.2,0.0,5.0,1
Jack Erdozain,6.409090909090909,0.17814470856604947,6.636363636363637,0.22268088570756164,11.0,2
Nathan M. Monroe,6.672727272727272,0.09620913858416702,6.618181818181819,0.28862741575250067,11.0,2
,,0.0,,0.0,,1
Richard T. Ibekwe,6.25,0.15000000000000036,6.450000000000001,0.04999999999999982,28.0,2
Macheng Shen,6.0,0.0,6.3,0.0,3.0,1
Margaret K. Trautner,6.3,0.0,6.3,0.0,4.0,1
Lingbo Zhang,3.8,0.0,3.3,0.0,6.0,1
Maysam Gorji Bandpay,6.6,0.0,6.5,0.0,17.0,1
Benjamin Clive Cameron,6.084615384615384,0.33706003538779444,6.315384615384615,0.21066252211737158,13.0,2
Yihao Zhang,4.9,0.0,4.6,0.0,9.0,1
Melanie Tetreault-Friend,6.5,0.0,6.7,0.0,19.0,1
Mohammed N. Al Jashmi,6.7,0.0,6.7,0.0,6.0,1
Mohamad Hussein Mirhi,6.750322580645161,0.1495689261967973,6.809032258064515,0.11093022621652526,155.0,8
Monica V. Pham,6.5,0.0,6.8,0.0,4.0,1
Yagnaseni Roy,6.7,0.0,6.9,0.0,7.0,1
Priyanka M. Chatterjee,4.827777777777778,0.5268412743844788,4.827777777777778,0.5268412743844788,18.0,2
David A. Dow,6.5424116424116425,0.18796869345431938,6.698960498960498,0.1800293360795158,481.0,15
Dalia P. Leibowitz,6.0,0.0,6.4,0.0,7.0,1
Rameech N. McCormack,5.8,0.0,6.0,0.0,4.0,1
Jane Abbott Connor,7.0,0.0,7.0,0.0,2.0,1
Jane E. Kokernak,6.053571428571428,0.7026220328800082,6.135714285714285,0.7300754783456521,84.0,21
Suzanne T. Lane,6.0,0.0,6.0,0.0,1.0,1
Michael Schandorf,6.5,0.0,6.5,0.0,2.0,1
Alan Pradip Jasanoff,5.724137931034483,0.20112643546783002,5.475862068965518,0.6262395555815918,29.0,3
Jonathan Edward Page,5.742857142857143,0.10497813183356476,5.7,0.6141195788629906,7.0,4
Audrey N. Bosquet,6.9,0.0,6.8,0.0,21.0,1
Landon Y. Carter,6.5,0.0,6.6,0.0,17.0,1
Alberto Ghibellini,6.386842105263159,0.3846878793813709,6.334210526315789,0.4372620049144771,38.0,6
,,0.0,,0.0,,1
Benjamin J. Peters,6.3,0.0,6.4,0.0,9.0,1
Leon R. Glicksman,6.304878048780488,0.22191101217159542,6.37560975609756,0.22391253497616576,41.0,5
Benjamin Charles Druecke,6.70948905109489,0.14084376169567667,6.7160583941605845,0.20654741829947992,137.0,9
Ethan M. Parsons,6.207407407407408,0.19986277871454894,5.955555555555555,0.14989708403591148,27.0,2
Themistocles Leonidas Resvanis,6.866666666666666,0.22110831935702666,6.946666666666667,0.08844332774281073,15.0,2
Luke A. Gray,6.2,0.0,6.6,0.0,11.0,1
Jing Lin,6.1,0.0,6.1,0.0,8.0,1
Rachel V. Mok,6.374666666666666,0.33509932192643355,6.488,0.2732325017270091,75.0,7
Ann Chen,6.8,0.0,6.8,0.0,11.0,2
Mark Jeunnette,4.3,0.0,4.5,0.0,7.0,1
Dhanushkodi Durai Mariappan,5.975,0.21650635094610965,6.075,0.38971143170299716,20.0,2
Abhinav Rao,6.0,0.0,6.0,0.0,2.0,2
Adam Gregory Stevens,5.2,0.0,5.0,0.0,5.0,1
Alexie M. Kolpak,4.928571428571429,0.3989782869648268,4.821428571428571,0.29923371522362,28.0,2
Jeffrey L. Moran,6.481102362204724,0.2450236316626625,6.451181102362205,0.31916873865929835,254.0,8
Sohae Kim,5.4,0.0,5.5,0.0,8.0,1
Sally A. Miller,6.3,0.0,6.7,0.0,3.0,1
Randall Miller Briggs,6.4,0.34641016151377535,6.26,0.5388877434122996,15.0,3
Nithin Senthur Kumar,6.0,0.0,6.0,0.0,1.0,1
Adam Jeffrey Spanbauer,6.15,0.6499999999999999,6.1,0.3999999999999999,8.0,2
Ashin Pramod Modak,6.5888888888888895,0.16178021976178908,6.6796296296296305,0.17573088603677584,54.0,7
Raghav Aggarwal,6.737500000000001,0.29764702249476627,6.68125,0.24803918541230538,16.0,2
Janet Rankin,7.0,0.0,7.0,0.0,7.0,1
,,0.0,,0.0,,1
Pierce Hayward,6.2,0.0,6.2,0.0,17.0,1
Sanjay E. Sarma,6.7,0.0,5.9,0.0,49.0,2
Yu Chen,7.0,0.0,7.0,0.0,1.0,1
Ashwini Bharatkumar,5.5,0.0,5.8,0.0,4.0,1
Kyung-Eun Han,5.3,0.0,6.0,0.0,3.0,1
Areg Vache Hayrapetian,5.685714285714286,0.2099562636671292,5.5857142857142845,0.3481730744843984,21.0,3
Daniel Abiola Vignon,6.2,0.0,6.0,0.0,6.0,1
Chun-Teh Chen,5.1,0.0,5.2,0.0,13.0,1
Mahdi Takaffoli,5.691666666666667,0.3451046540141439,5.525000000000001,0.14790199457749031,24.0,2
Daniel Dewitt Strawser,6.53125,0.04635124054434773,6.6625,0.09270248108869586,16.0,3
Luke A. Roberto,6.516666666666666,0.09860132971832658,6.433333333333333,0.1972026594366536,12.0,2
Wesley T. Cox,5.949999999999999,0.2872281323269015,5.925,0.22220486043288973,24.0,3
Yoon Kyung Lee,5.294736842105263,0.4019343808849849,5.389473684210526,0.37960469305804134,19.0,2
Rucha Mehendale,7.0,0.0,7.0,0.0,3.0,1
James V. Roggeveen,7.0,0.0,7.0,0.0,2.0,1
Anne Glidden Raymond,4.9,0.0,4.8,0.0,19.0,1
David Lemelin,6.529357798165138,0.1504139561975723,6.5811926605504585,0.13668570236325467,218.0,8
Yongji Wang,5.0,0.0,5.0,0.0,2.0,1
Nickolas Peter Demas,6.035514018691589,0.374977217114424,5.803738317757009,0.2834781415842296,107.0,6
Randal L. Briggs,7.0,0.0,7.0,0.0,1.0,1
Josephine W. Bagnall,6.716981132075472,0.21078098179273858,6.775471698113208,0.2433303991721284,53.0,4
Katherine A. Whang,4.9,0.0,5.0,0.0,8.0,1
Ismail Degani,6.8,0.0,6.8,0.0,17.0,1
Elizabeth Zhang,6.9,0.0,6.9,0.0,8.0,1
Dora Leanne Aldama,6.923076923076923,0.09730085108210407,6.923076923076923,0.09730085108210407,13.0,2
Lee Eleni Evangelakos,6.846153846153846,0.19460170216420813,6.846153846153846,0.19460170216420813,13.0,2
,,0.0,,0.0,,1
Emanuel Michael Sachs,5.2370370370370365,0.2895055147535232,3.911111111111111,0.4157397096415491,27.0,3
Byung Gu Cho,5.5,0.0,5.9,0.0,6.0,1
Leixin Ma,3.3,0.0,3.7,0.0,3.0,1
Yili Qian,6.8,0.0,6.8,0.0,16.0,1
Michael R. Forstmann,5.7,0.0,5.9,0.0,7.0,1
Aditya S. Gopalan,5.3,0.0,5.3,0.0,3.0,1
Mohammad Naghnaeian,3.9,0.0,3.8,0.0,11.0,1
Paolo Minelli,6.535714285714286,0.1287696884094282,6.535714285714286,0.1287696884094282,14.0,2
Xiaoyu Wu,5.9,0.0,6.1,0.0,11.0,1
Nigamaa Nayakanti,5.1,0.0,4.8,0.0,10.0,1
Abhishek Bajpayee,4.0,0.0,4.7,0.0,3.0,1
Zhuoxuan Li,5.2,0.0,5.4,0.0,12.0,1
Seyed Mohammad Mirvakili,6.3,0.0,6.7,0.0,3.0,1
Scott Douglas Foster,6.6,0.0,6.6,0.0,5.0,1
Derek Mess,5.926190476190476,0.6195465022746279,5.911904761904762,0.5076567930217559,42.0,5
,,0.0,,0.0,,1
Kevin P. Cohen,5.6,0.0,5.4,0.0,9.0,1
Robert T-I Shin,4.8,0.0,4.6,0.0,9.0,1
Aliza Opila Abraham,6.1,0.0,6.3,0.0,15.0,1
Noam M. Buckman,6.5,0.0,6.3,0.0,14.0,1
Margaux Martin-Filippi,5.9,0.0,5.9,0.0,10.0,1
Farhan Choudhary,4.754347826086956,0.8104498272535285,4.8304347826086955,0.7677945731875532,46.0,2
Ashkan Haji Hosseinloo,6.118918918918919,0.20773923081703372,6.094594594594594,0.23589501323274908,37.0,3
Yinan Cai,4.3,0.0,4.5,0.0,6.0,1
Neil E. Todreas,5.3,0.0,5.1,0.0,18.0,1
Koroush Shirvan,4.7,0.0,4.5,0.0,11.0,1
Jay Sircar,2.7,0.0,2.5,0.0,33.0,1
Joshua David Jensen,4.4,0.0,4.3,0.0,27.0,1
Andrea Malandrino,4.6,0.0,4.6,0.0,12.0,1
Thanh Long Vu,2.7,0.0,2.6,0.0,7.0,1
Pawel Jerzy Zimoch,5.135999999999999,0.5206764830487354,5.04,1.2642784503423288,25.0,3
Andrea Censi,5.9,0.0,5.9,0.0,15.0,1
Liam Paull,5.6,0.0,5.7,0.0,15.0,1
Hang Zhao,5.6,0.0,5.6,0.0,8.0,1
Susan Brenda Swithenbank,5.172727272727272,0.27757594661518326,5.163636363636364,0.3310389355642389,77.0,6
William R. Bosworth,6.5,0.0,6.5,0.0,4.0,1
Steven F. Nagle,6.336241610738254,0.3867286243253443,6.5040268456375845,0.570867607053218,149.0,10
Kerry Rachel Weinberg,6.2,0.0,6.0,0.0,5.0,1
Miren Bamforth,6.4,0.0,6.2,0.0,5.0,1
Youzhi Liang,5.557142857142857,0.6433331570970116,5.614285714285714,0.5938459911664723,28.0,2
Weston Lowell Gray,5.8500000000000005,0.1499999999999999,5.8500000000000005,0.1499999999999999,6.0,3
Lennon Patrick Rodgers,1.0,0.0,1.0,0.0,1.0,1
Luke Benjamin Boote,5.566666666666666,0.5185449728701347,5.566666666666666,0.5185449728701347,9.0,2
Carla Maria Li-Carrillo Paredes,5.6125,0.5325352101035197,5.6125,0.5325352101035197,8.0,2
,,0.0,,0.0,,1
Elizabeth Y. Choe,6.0,0.0,7.0,0.0,1.0,1
Ceridwen A. Riley,7.0,0.0,7.0,0.0,1.0,1
Robert E. Vincent,7.0,0.0,7.0,0.0,1.0,1
Dabin K. Choe,7.0,0.0,7.0,0.0,3.0,1
Krithika Swaminathan,7.0,0.0,7.0,0.0,3.0,1
Qiong Zhang,5.8,0.0,6.0,0.0,18.0,1
Wenjun Zhang,5.3,0.0,5.2,0.0,6.0,1
Gee Hoon Park,5.8,0.0,5.9,0.0,6.0,1
Quantum J. Wei,6.457142857142857,0.3958973274443147,6.5857142857142845,0.24743582965269675,14.0,2
Kirsten M. Augdahl,5.0,0.0,5.0,0.0,4.0,1
Evan M. Wilson,5.8,0.0,6.2,0.0,5.0,1
Isaac L. Lajoie,6.0,0.0,6.0,0.0,3.0,1
Jean Philippe Aoussou,5.1,0.0,4.7,0.0,19.0,1
Georgios Theodoros Dimitrakopoulos,4.744827586206897,0.582258508116012,4.782758620689655,0.5337369657730112,29.0,2
Feng Tan,4.633333333333334,0.7129395684648371,4.536363636363636,0.8127089686773455,33.0,3
Klaus-Jurgen Bathe,6.6,0.0,6.35,0.25,28.0,2
Craig B. Cheney,5.8,0.0,5.3,0.0,4.0,1
Angela M. Locknar,6.75,0.25,6.75,0.25,4.0,3
Amelia R. Herb,6.0,0.7000000000000002,6.0,0.7000000000000002,6.0,2
Riley E. Brandt,6.8,0.0,6.8,0.0,5.0,1
Juan Felipe Oviedo Perhavec,6.5,0.0,6.5,0.0,2.0,1
Wolfgang Gruber,6.8,0.0,6.8,0.0,24.0,1
Ian Marius Peters,7.0,0.0,7.0,0.0,4.0,2
David M. Parks,4.397058823529412,0.1403468269463546,4.161764705882353,0.2339113782439245,34.0,2
Sasan John Ghaemsaidi,6.510000000000001,0.2981610303175115,6.676666666666667,0.2789065952767859,30.0,3
Xinchen Ni,6.433333333333334,0.18856180831641287,6.433333333333334,0.18856180831641287,9.0,2
Dimitrios Chatzigeorgiou,6.356756756756757,0.04954135886438772,6.4702702702702695,0.1486240765931623,37.0,2
Karine Ip Kiun Chong,4.890909090909091,0.09958591954639393,5.0,0.0,11.0,2
Enrique Lizarraga-Garcia,6.0,0.0,6.2,0.0,11.0,1
Amado Antonini,6.3,0.0,6.5,0.0,6.0,1
Laura M. Gilson,5.8,0.0,5.7,0.0,10.0,1
Young Soo Joung,3.2,0.0,2.8,0.0,12.0,1
Dawn M. Wendell,6.2214285714285715,0.04103259033241435,6.064285714285714,0.12309777099724338,42.0,2
Koffi Pierre Claver Yao,3.9,0.0,3.9,0.0,18.0,1
Dick K. Yue,4.3,0.0,3.8,0.0,21.0,1
Sha Miao,6.5,0.0,6.7,0.0,6.0,1
Moses Teddy Ort,6.5,0.0,6.5,0.0,2.0,1
Rebecca H. Steinmeyer,6.0,0.0,6.5,0.0,3.0,1
Tamanna Islam Urmi,0.0,0.0,0.0,0.0,0.0,1
Dana Weinstein,6.4,0.0,6.5,0.0,11.0,1
Radhika A. Marathe,7.0,0.0,7.0,0.0,5.0,1
Susan B. Swithenbank,5.242857142857143,0.2969229955832359,5.1571428571428575,0.3958973274443147,21.0,2
Andrew D. Jones,5.166666666666667,0.5527707983925666,5.441666666666666,0.46985517863368165,12.0,2
Severine Atis,5.5,0.0,5.1,0.0,8.0,1
Piran Ravichandran Kidambi,4.7,0.0,5.2,0.0,6.0,1
Andrew J. Milne,6.3,0.0,6.3,0.0,4.0,1
Warren P. Seering,5.9,0.0,5.9,0.0,9.0,1
Jared D. Berezin,6.4,0.0,6.4,0.0,7.0,1
David Custer,5.8,0.0,5.8,0.0,5.0,1
Alan Jasanoff,6.0,0.0,5.3,0.0,3.0,1
Tonio Buonassisi,6.2,0.0,6.1,0.0,28.0,1
Stephen Banzaert,6.642307692307692,0.049404740687173834,6.742307692307692,0.0494047406871734,52.0,2
Carlos Del Canizo Nadal,5.652941176470588,0.6669664839086289,5.741176470588236,0.9133383005278346,17.0,3
Ashley Elizabeth Morishige,6.3,0.0,6.8,0.0,4.0,1
Jeremy Roger Poindexter,6.3,0.0,6.3,0.0,3.0,1
Sarah Elizabeth Sofia,6.3,0.0,6.7,0.0,3.0,1
Joel Harbour,2.0,0.0,2.5,0.0,2.0,1
Weston L. Gray,7.0,0.0,7.0,0.0,1.0,1
Neil T. Jenkins,6.5,0.0,6.2,0.0,13.0,1
Thomas Roemer,6.3,0.0,6.3,0.0,3.0,1
Samer Haidar,6.2,0.0,6.2,0.0,5.0,1
Kathryn Sensen,6.9,0.0,6.8,0.0,8.0,1
Nilu Zhao,3.2,0.0,3.3,0.0,10.0,1
Sandeep Kumar,5.577192982456141,0.484502835745562,5.628070175438597,0.40164328502881874,57.0,3
Abdullah Hamadeh,3.0,0.0,2.8,0.0,11.0,1
Geng Huang,6.2,0.0,6.5,0.0,19.0,1
Kathy A. Yang,6.6,0.0,6.6,0.0,5.0,1
Martin Christopher Feldmann,4.5,0.0,4.5,0.0,25.0,1
Sanha Kim,5.3759999999999994,0.43934496696787134,5.5840000000000005,0.2989046670763105,25.0,4
William Cousins,5.2,0.0,5.2,0.0,36.0,1
Adrian Stern,3.0,0.0,2.9,0.0,32.0,1
Timothy R. Kirkpatrick,5.6,0.0,5.4,0.0,12.0,1
Andrew James Milne,6.3,0.0,6.5,0.0,6.0,1
Alison S. Greenlee,6.0,0.0,6.2,0.0,13.0,1
Harlan Breindel,4.7,0.0,4.3,0.0,3.0,1
Nathan Cermak,6.2,0.0,6.5,0.0,22.0,1
Edward (Ned) Burnell,6.6,0.0,6.5,0.0,19.0,1
Michael R. Salvato,5.8,0.0,6.0,0.0,12.0,1
C. Forbes Dewey,7.0,0.0,7.0,0.0,1.0,1
Katherine A. Davis,6.0,0.0,6.0,0.0,4.0,1
Elizabeth Ann Ohrt,6.8,0.0,6.8,0.0,4.0,1
,,0.0,,0.0,,1
Sanjoy Mahajan,6.0,0.0,5.7,0.0,23.0,1
Samantha N. Castellanos,0.0,0.0,0.0,0.0,0.0,1
Lampros Tsontzos,0.0,0.0,0.0,0.0,0.0,1
Ramin Ghelichi,5.613333333333332,0.2093375795747678,5.62,0.27856776554368246,30.0,3
Eric Vincent Heubel,6.133333333333334,0.46817936647391833,6.49090909090909,0.3449757447456414,33.0,4
Christina A. Jaworsky,6.4,0.19999999999999973,6.5,0.2999999999999998,10.0,2
David C. Gossard,6.031182795698925,0.1383298960243936,5.827956989247312,0.32107534083788053,186.0,5
Hussain H. Karimi,6.2,0.0,6.1,0.0,16.0,1
Fang-Yu Liu,4.2,0.0,4.2,0.0,35.0,1
Robert James Loomis,6.135294117647059,0.19686118271389985,6.3352941176470585,0.19686118271390032,17.0,2
Amith Somanath,5.450877192982457,0.0499923047325437,5.550877192982456,0.0499923047325437,57.0,2
Dustin Ray Langewisch,6.025806451612904,0.2723467215381349,6.138709677419355,0.5427988514469739,31.0,3
Jose Ramon Alvarado,6.588888888888889,0.34783279649996734,6.444444444444445,0.39752319599996255,45.0,2
Sumant Shreechandra Raykar,5.1,0.0,5.3,0.0,14.0,1
Heng Li,5.4,0.0,5.6,0.0,12.0,1
Alexander Joshua Wiens,6.327999999999999,0.2584879107424561,6.28,0.18330302779823357,25.0,4
Abdul Mohsen Al Husseini,6.2,0.0,6.4,0.0,6.0,1
Paul Aaron Ragaller,6.475757575757576,0.25349711973775013,6.585858585858586,0.24246632631353146,99.0,9
Carmen M. Graves,5.4363636363636365,0.2672170628490738,5.872727272727272,0.04453617714151256,11.0,2
Derek Rowell,6.228270042194093,0.16252998058131263,6.076371308016877,0.33769933525743,237.0,8
Tyler Gregory Susko,6.714130434782609,0.08285860368216955,6.6706521739130435,0.04553556536011633,92.0,3
Mark Thomas,6.852631578947368,0.13126277803515712,6.873684210526315,0.19423833776048358,19.0,6
Jerod W. Ketcham,6.830000000000001,0.1187434208703793,6.7700000000000005,0.19519221295943154,10.0,4
Donald Barry Rosenfield,6.436363636363636,0.5381326758890449,6.327272727272728,0.44399885836102687,33.0,4
Nahathai Srivali,7.0,0.0,5.5,0.0,2.0,1
Cynthia Lin,6.0,0.0,7.0,0.0,1.0,1
Jamison Go,6.0,0.0,6.2,0.0,9.0,1
Stefano Brizzolara,6.0,0.0,6.3,0.0,6.0,1
Maia R. Bageant,5.594736842105263,0.6723671335861604,5.684210526315789,0.5070691408214539,76.0,3
Aron H. Blaesi,5.7,0.0,5.9,0.0,26.0,1
Arindam Das,2.4,0.0,2.3,0.0,30.0,1
Tianyun Wu,2.5,0.0,2.8,0.0,4.0,1
Rongsha Li,0.0,0.0,0.0,0.0,0.0,1
Colin Donald Landon,6.0,0.0,6.3,0.0,12.0,1
Xiaobo Li,4.3,0.0,4.2,0.0,9.0,1
James M. Modisette,6.0,0.0,6.0,0.0,24.0,1
Henrik Schmidt,4.761403508771931,0.903745497858755,4.552631578947369,0.6852084490517414,57.0,6
Thomas J. Delaney,6.375,0.26809513236909016,6.435,0.1878163997099294,20.0,3
Pamela Siska,6.206666666666666,0.3586394041683402,6.466666666666667,0.3771236166328254,15.0,5
Cuong Q. Nguyen,6.0,0.0,6.2,0.0,5.0,1
Victoria Dawn Lee,6.0,0.0,6.0,0.0,14.0,1
Woolim Chang,6.2,0.0,6.1,0.0,10.0,1
Peter Evan Kimball,6.3,0.0,6.3,0.0,12.0,1
Ruize Xu,7.0,0.0,7.0,0.0,2.0,1
Lingping Zeng,6.4,0.0,6.4,0.0,5.0,1
Nadia Gen San Cheng,6.0,0.0,6.3,0.0,3.0,1
Ahmed H. Helal,6.0,0.0,5.7,0.0,6.0,1
Georgios Papadopoulos,3.9818181818181815,0.7468943965979538,4.5181818181818185,0.8962732759175445,44.0,2
Robert D. Truax,5.8,0.0,5.8,0.0,25.0,1
Christopher Anthony Pombrol,6.0,0.0,6.0,0.0,2.0,1
Guoquan Huang,4.2,0.0,4.3,0.0,13.0,1
Fahri Erinc Hizir,4.7,0.0,4.9,0.0,7.0,1
Hadi Ghasemi,5.0,0.0,4.8,0.0,37.0,1
Nicholas A. Roche,6.1,0.0,6.1,0.0,19.0,1
Alisha R. Schor,5.8,0.0,6.1,0.0,10.0,1
Bruno Michel Figliuzzi,6.254098360655738,0.0841033136942995,6.285245901639344,0.16077279108125217,61.0,3
Patrick M. McAtamney,6.565454545454545,0.13713719980460395,6.795454545454546,0.1696983225054308,110.0,4
Mujid S. Kazimi,5.0,0.0,5.0,0.0,2.0,1
Jekanthan Thangavelautham,5.093333333333333,0.024944382578492855,5.373333333333334,0.09977753031397187,15.0,2
Andres Klee Valenzuela,6.5,0.0,6.583333333333333,0.18633899812498245,24.0,2
Soyoung You,5.5,0.0,5.5,0.0,10.0,1
John H. Lienhard,6.4,0.0,6.4,0.0,16.0,1
Leslie Keith Norford,5.425,0.736121593216773,5.875,0.4763139720814415,12.0,2
Eli Travis Paster,4.5,0.0,4.0,0.0,4.0,1
Mojtaba Azadi Sohi,5.52972972972973,0.1312411950505835,5.624324324324325,0.081887877878612,37.0,3
Konstantinos Michmizos,5.4,0.0,5.5,0.0,9.0,1
Donald N. S. Unger,5.783333333333334,0.45977047413779054,4.966666666666667,1.9550504398153574,18.0,7
David Hancheng Chou,6.7,0.0,6.7,0.0,3.0,1
Jan Ma,6.7,0.0,6.3,0.0,3.0,1
,,0.0,,0.0,,1
Roger Dale Kamm,0.0,0.0,0.0,0.0,0.0,1
Lucienne Blessing,7.0,0.0,7.0,0.0,3.0,1
Adam Pan,4.0,0.0,4.0,0.0,10.0,1
Nikhil Abhay Vadhavkar,6.5,0.0,6.1,0.0,24.0,1
Ling Xu,4.1,0.0,4.5,0.0,13.0,1
Jie Yin,2.7,0.0,3.5,0.0,19.0,1
Sasan John Saidi,6.5,0.0,6.7,0.0,12.0,1
Feifei Niu,3.4444444444444446,0.8314794192830981,3.8666666666666663,0.873053390247253,9.0,2
Joseph Edward Petrzelka,5.2,0.0,4.3,0.0,9.0,1
Wonjung Kim,4.9,0.0,6.1,0.0,10.0,1
Katharine Luginbuhl,6.3,0.0,7.0,0.0,4.0,1
Navdeep Singh Dhillon,5.364285714285714,0.1967853901993699,5.317857142857143,0.09839269509968517,56.0,2
Suman Bose,6.2,0.0,6.7,0.0,9.0,1
Joshua E. Siegel,5.9,0.0,5.8,0.0,13.0,1
Dylan Charles Erb,6.2,0.0,6.2,0.0,13.0,1
Peter Lu,6.8999999999999995,8.881784197001252e-16,6.8,0.0,19.0,2
Emma C. Benjaminson,6.3,0.0,6.5,0.0,6.0,2
Jeremy Ernest Deguzman,7.0,0.0,7.0,0.0,1.0,2
Daniel H. Goodman,,,,,0.0,2
Jacob S. Bailey,6.3,0.0,7.0,0.0,6.0,2
Kathleen A. Kraines,6.8,0.0,7.0,0.0,6.0,2
Ranbel F. Sun,5.1,0.0,5.1,0.0,9.0,1
Roberto J. Melendez,6.8,0.0,6.7,0.0,31.0,1
Tea Zakula,6.5,0.0,6.8,0.0,8.0,1
Hyungryul Choi,5.771428571428571,0.19794866372215758,6.342857142857143,0.04948716593053961,28.0,2
Chih-Hung Hsieh,5.516666666666666,0.09860132971832658,6.316666666666667,0.09860132971832702,24.0,2
Jason S. Ku,6.44891304347826,0.23613489384404251,6.464130434782609,0.3577044935780063,92.0,5
Chirag Deepak Kalelkar,4.3,0.0,5.2,0.0,6.0,1
Brooks L. Reed,6.380952380952381,0.03926767262493031,6.619047619047619,0.03926767262493031,21.0,2
Saaransh Gulati,4.9375,0.9130135541162575,5.625,0.8821139382188672,16.0,3
John Dennis Stempien,3.0,0.7071067811865476,4.0,0.0,3.0,2
Tomasz Wierzbicki,6.7,0.0,7.0,0.0,3.0,1
Vanessa Ampelas,0.0,0.0,0.0,0.0,0.0,1
Sheng Xu,6.0,0.0,5.8,0.0,4.0,1
Janis Melvold,6.5,0.22360679774997883,6.75,0.11180339887498941,6.0,2
Brenden P. Epps,5.8,0.0,6.2,0.0,6.0,1
Simon Haward,5.3,0.0,5.1,0.0,8.0,1
Yi-Heng Sen,4.129411764705883,1.168087781694486,4.705882352941177,1.2119360244400856,17.0,3
Peter Small,6.9,0.0766964988847371,7.0,0.0,17.0,3
,,0.0,,0.0,,1
Toby Edwin Schneider,5.961538461538462,0.14955555457864284,5.476923076923076,0.29911110915728567,13.0,2
Lisa Janelle Burton,5.6,0.0,5.8,0.0,16.0,1
Yi Liu,4.8,0.0,5.6,0.0,17.0,1
Vicente Ignacio Fernandez,5.726315789473685,0.23916984773687944,5.71578947368421,0.3594779224532458,38.0,3
Audrey P. Maertens,5.4,0.0,5.4,0.0,19.0,1
Haining Zheng,4.5,0.0,5.5,0.0,12.0,1
Eric W. Gilbertson,5.9,0.0,6.4,0.0,29.0,1
Alexander Mitsos,6.019540229885058,0.03965100761071329,5.780459770114942,0.03965100761071329,87.0,2
Sarit Kumar Das,4.6,0.0,5.7,0.0,43.0,1
Reza Karimi,4.9,0.0,5.4,0.0,17.0,1
Karan Hemant Mistry,6.1,0.0,5.8,0.0,31.0,1
Stephen Paul Bathurst,5.0,0.0,5.0,0.0,25.0,1
Justin Lee Miller,5.7,0.0,5.7,0.0,11.0,1
Marilee P. Ogren-Balkema,4.5,0.0,3.0,0.0,2.0,2
David Barrett,6.3,0.0,6.1,0.0,19.0,1
Bryan P. Ruddy,5.09375,0.3472548595772276,5.0,0.0,16.0,2
William R. Hesse,5.0,0.0,5.3,0.0,4.0,1
Benjamin C. Johnson,6.634375,0.12401959270615262,6.921875,0.041339864235384084,32.0,2
Daniel E. Whitney,6.1,0.0,6.0,0.0,36.0,1
Victor Wang,4.7,0.0,5.0,0.0,19.0,1
Alicia Lenis,6.6,0.0,6.6,0.0,5.0,1
Carolyn Marie Freeman,6.5,0.0,6.8,0.0,6.0,1
David S. Lazzara,6.0,0.0,6.7,0.0,11.0,1
Yukikazu Iwasa,6.7,0.0,6.5,0.0,3.0,1
David P. Fenning,6.4,0.0,6.8,0.0,5.0,1
Thomas Bradford Milnes,6.5,0.0,6.5,0.0,2.0,1
Audren Damien Prigent Cloitre,6.0,0.0,6.5,0.0,23.0,1
Sang-Il Lee,4.5,0.0,5.4,0.0,16.0,1
Panagiotis Artemiadis,5.2,0.0,5.0,0.0,9.0,1
Hallie Sue Cho,5.3,0.0,5.3,0.0,27.0,1
Mark W. Reed,6.1,0.0,6.2,0.0,20.0,1
Thomas Humplik,6.4,0.0,6.8,0.0,10.0,1
Yinchun Wang,5.8,0.0,6.0,0.0,4.0,1
Andrew T. Marecki,6.2,0.0,6.4,0.0,36.0,1
Justin C T Kao,5.6,0.0,5.2,0.0,16.0,1
Masayuki Yano,5.9,0.0,6.2,0.0,8.0,1
Mark S. Welsh,7.0,0.0,7.0,0.0,7.0,1
Priya Ramaswamy,5.7,0.0,5.8,0.0,19.0,1
Yeunwoo Cho,4.0,0.0,1.0,0.0,1.0,1
Mehmet F. Yanik,5.2,0.0,4.0,0.0,5.0,1
Clarissa L. Zimmerman,5.5,0.0,5.5,0.0,2.0,1
John R. Williams,6.4,0.0,6.4,0.0,13.0,1
David Holmes,6.8,0.0,7.0,0.0,4.0,1
